type_arrow,layout,type_label,type_color,model,prompt_strategy,mean_mae,mean_similarity
directed,spiral,unlabel,random_color,claude-3.5-sonnet,cot,1.1,0.9316787088040958
directed,spiral,unlabel,random_color,claude-3.5-sonnet,zeroshot,1.05,0.935928305612516
directed,spiral,unlabel,random_color,qwen-2-vl-72b-instruct,cot,7.85,0.4970346722421025
directed,spiral,unlabel,random_color,qwen-2-vl-72b-instruct,zeroshot,4.5,0.7468769070626655
directed,spiral,unlabel,random_color,gemini-pro-1.5,cot,1.0,0.9396368193210298
directed,spiral,unlabel,random_color,gemini-pro-1.5,zeroshot,0.9,0.941528976183775
directed,spiral,unlabel,random_color,gpt-4o-2024-08-06,cot,2.3,0.8750198602567023
directed,spiral,unlabel,random_color,gpt-4o-2024-08-06,zeroshot,4.25,0.7668566112250323
directed,spiral,unlabel,random_color,pixtral-12b,cot,2.0,0.8581738057264372
directed,spiral,unlabel,random_color,pixtral-12b,zeroshot,2.05,0.8602200242138324
directed,spiral,unlabel,random_color,llama-3.2-90b-vision-instruct,cot,2.375,0.8851388888888889
directed,spiral,unlabel,random_color,llama-3.2-90b-vision-instruct,zeroshot,3.3,0.7760614548849843
directed,spiral,unlabel,constant_color,claude-3.5-sonnet,cot,0.7,0.9589018964669288
directed,spiral,unlabel,constant_color,claude-3.5-sonnet,zeroshot,0.7,0.9554718484223633
directed,spiral,unlabel,constant_color,qwen-2-vl-72b-instruct,cot,2.9,0.8259619625562216
directed,spiral,unlabel,constant_color,qwen-2-vl-72b-instruct,zeroshot,2.3,0.8576922912473626
directed,spiral,unlabel,constant_color,gemini-pro-1.5,cot,0.9,0.9438902677335678
directed,spiral,unlabel,constant_color,gemini-pro-1.5,zeroshot,0.7,0.9565343780092569
directed,spiral,unlabel,constant_color,gpt-4o-2024-08-06,cot,1.05,0.9305324283223395
directed,spiral,unlabel,constant_color,gpt-4o-2024-08-06,zeroshot,1.85,0.8885690197091464
directed,spiral,unlabel,constant_color,pixtral-12b,cot,1.85,0.8949234950056899
directed,spiral,unlabel,constant_color,pixtral-12b,zeroshot,1.7,0.8934038076833202
directed,spiral,unlabel,constant_color,llama-3.2-90b-vision-instruct,cot,8.0,0.4625
directed,spiral,unlabel,constant_color,llama-3.2-90b-vision-instruct,zeroshot,1.5,0.9204010344342993
directed,spiral,label,random_color,claude-3.5-sonnet,cot,0.9,0.9486528158374135
directed,spiral,label,random_color,claude-3.5-sonnet,zeroshot,1.3,0.9195823030169006
directed,spiral,label,random_color,qwen-2-vl-72b-instruct,cot,0.7,0.962189641498852
directed,spiral,label,random_color,qwen-2-vl-72b-instruct,zeroshot,3.15,0.8323762196266067
directed,spiral,label,random_color,gemini-pro-1.5,cot,1.05,0.9384758604398697
directed,spiral,label,random_color,gemini-pro-1.5,zeroshot,1.2,0.9316576786216879
directed,spiral,label,random_color,gpt-4o-2024-08-06,cot,1.55,0.9190929027113238
directed,spiral,label,random_color,gpt-4o-2024-08-06,zeroshot,1.35,0.9149059325607313
directed,spiral,label,random_color,pixtral-12b,cot,1.4444444444444444,0.9042617878337693
directed,spiral,label,random_color,pixtral-12b,zeroshot,1.55,0.900646277741866
directed,spiral,label,random_color,llama-3.2-90b-vision-instruct,cot,2.3333333333333335,0.8630536130536131
directed,spiral,label,random_color,llama-3.2-90b-vision-instruct,zeroshot,1.3,0.9153134674922601
directed,spiral,label,constant_color,claude-3.5-sonnet,cot,1.2,0.9331852855177158
directed,spiral,label,constant_color,claude-3.5-sonnet,zeroshot,1.65,0.9069286635706915
directed,spiral,label,constant_color,qwen-2-vl-72b-instruct,cot,2.5,0.8676993307689903
directed,spiral,label,constant_color,qwen-2-vl-72b-instruct,zeroshot,1.45,0.9218079400819338
directed,spiral,label,constant_color,gemini-pro-1.5,cot,1.65,0.9080033696094068
directed,spiral,label,constant_color,gemini-pro-1.5,zeroshot,1.5,0.9162091459833979
directed,spiral,label,constant_color,gpt-4o-2024-08-06,cot,1.55,0.9208784673358977
directed,spiral,label,constant_color,gpt-4o-2024-08-06,zeroshot,1.55,0.9197816438377583
directed,spiral,label,constant_color,pixtral-12b,cot,2.388888888888889,0.8736940830735981
directed,spiral,label,constant_color,pixtral-12b,zeroshot,2.6,0.8570289544047285
directed,spiral,label,constant_color,llama-3.2-90b-vision-instruct,cot,2.1875,0.8685241540794947
directed,spiral,label,constant_color,llama-3.2-90b-vision-instruct,zeroshot,2.111111111111111,0.8819215938191687
directed,random,unlabel,random_color,claude-3.5-sonnet,cot,0.65,0.9630832903336772
directed,random,unlabel,random_color,claude-3.5-sonnet,zeroshot,0.55,0.9682539989680082
directed,random,unlabel,random_color,qwen-2-vl-72b-instruct,cot,2.2,0.8646198334259481
directed,random,unlabel,random_color,qwen-2-vl-72b-instruct,zeroshot,1.75,0.8925423546611627
directed,random,unlabel,random_color,gemini-pro-1.5,cot,0.8,0.9551446442274616
directed,random,unlabel,random_color,gemini-pro-1.5,zeroshot,0.9,0.9432001997830172
directed,random,unlabel,random_color,gpt-4o-2024-08-06,cot,2.85,0.8367636474292821
directed,random,unlabel,random_color,gpt-4o-2024-08-06,zeroshot,2.4,0.8585235075811702
directed,random,unlabel,random_color,pixtral-12b,cot,2.1666666666666665,0.87192695791767
directed,random,unlabel,random_color,pixtral-12b,zeroshot,1.75,0.8819293945648434
directed,random,unlabel,random_color,llama-3.2-90b-vision-instruct,cot,4.785714285714286,0.6628433357148528
directed,random,unlabel,random_color,llama-3.2-90b-vision-instruct,zeroshot,3.75,0.7447110423116614
directed,random,unlabel,constant_color,claude-3.5-sonnet,cot,2.1,0.8803567713750781
directed,random,unlabel,constant_color,claude-3.5-sonnet,zeroshot,1.7,0.8974518187761895
directed,random,unlabel,constant_color,qwen-2-vl-72b-instruct,cot,2.7,0.8310957635042303
directed,random,unlabel,constant_color,qwen-2-vl-72b-instruct,zeroshot,2.9,0.8262136636564555
directed,random,unlabel,constant_color,gemini-pro-1.5,cot,1.5,0.9139762906810962
directed,random,unlabel,constant_color,gemini-pro-1.5,zeroshot,1.55,0.9116078696284646
directed,random,unlabel,constant_color,gpt-4o-2024-08-06,cot,2.0,0.869625817228792
directed,random,unlabel,constant_color,gpt-4o-2024-08-06,zeroshot,2.4,0.8463558371453109
directed,random,unlabel,constant_color,pixtral-12b,cot,3.35,0.7868024687618509
directed,random,unlabel,constant_color,pixtral-12b,zeroshot,2.1,0.8697241809169725
directed,random,unlabel,constant_color,llama-3.2-90b-vision-instruct,cot,3.1,0.8304006977004688
directed,random,unlabel,constant_color,llama-3.2-90b-vision-instruct,zeroshot,3.0,0.8262626262626263
directed,random,label,random_color,claude-3.5-sonnet,cot,1.05,0.9440661210769907
directed,random,label,random_color,claude-3.5-sonnet,zeroshot,1.1,0.935635777266212
directed,random,label,random_color,qwen-2-vl-72b-instruct,cot,2.25,0.8711144441307486
directed,random,label,random_color,qwen-2-vl-72b-instruct,zeroshot,2.5,0.847913406038406
directed,random,label,random_color,gemini-pro-1.5,cot,0.75,0.9567502666415708
directed,random,label,random_color,gemini-pro-1.5,zeroshot,0.85,0.947754793515663
directed,random,label,random_color,gpt-4o-2024-08-06,cot,1.9,0.9009428795841838
directed,random,label,random_color,gpt-4o-2024-08-06,zeroshot,1.35,0.9222038197309935
directed,random,label,random_color,pixtral-12b,cot,2.3,0.8523038103201145
directed,random,label,random_color,pixtral-12b,zeroshot,2.05,0.8719096905509949
directed,random,label,random_color,llama-3.2-90b-vision-instruct,cot,2.25,0.8246157877951354
directed,random,label,random_color,llama-3.2-90b-vision-instruct,zeroshot,3.0833333333333335,0.7947246242083198
directed,random,label,constant_color,claude-3.5-sonnet,cot,1.35,0.9369112746022763
directed,random,label,constant_color,claude-3.5-sonnet,zeroshot,1.1,0.9439372832411882
directed,random,label,constant_color,qwen-2-vl-72b-instruct,cot,2.1,0.9047210492456674
directed,random,label,constant_color,qwen-2-vl-72b-instruct,zeroshot,1.6,0.9283389926428975
directed,random,label,constant_color,gemini-pro-1.5,cot,1.4,0.9322319446258327
directed,random,label,constant_color,gemini-pro-1.5,zeroshot,1.35,0.9342299953080939
directed,random,label,constant_color,gpt-4o-2024-08-06,cot,2.2,0.8949304436995439
directed,random,label,constant_color,gpt-4o-2024-08-06,zeroshot,1.9,0.9028947126570216
directed,random,label,constant_color,pixtral-12b,cot,2.55,0.8742447482090945
directed,random,label,constant_color,pixtral-12b,zeroshot,1.15,0.9353967079264194
directed,random,label,constant_color,llama-3.2-90b-vision-instruct,cot,3.2857142857142856,0.8500595989560334
directed,random,label,constant_color,llama-3.2-90b-vision-instruct,zeroshot,4.8,0.7500854700854701
directed,spectral,unlabel,random_color,claude-3.5-sonnet,cot,4.15,0.7142251461988304
directed,spectral,unlabel,random_color,claude-3.5-sonnet,zeroshot,3.75,0.7421883635370476
directed,spectral,unlabel,random_color,qwen-2-vl-72b-instruct,cot,2.75,0.7963990505108927
directed,spectral,unlabel,random_color,qwen-2-vl-72b-instruct,zeroshot,3.2,0.777150849881113
directed,spectral,unlabel,random_color,gemini-pro-1.5,cot,3.9,0.718989219844483
directed,spectral,unlabel,random_color,gemini-pro-1.5,zeroshot,3.95,0.7163576408971147
directed,spectral,unlabel,random_color,gpt-4o-2024-08-06,cot,3.2,0.773009245871088
directed,spectral,unlabel,random_color,gpt-4o-2024-08-06,zeroshot,2.4,0.8235566078658184
directed,spectral,unlabel,random_color,pixtral-12b,cot,4.0,0.7079298004626953
directed,spectral,unlabel,random_color,pixtral-12b,zeroshot,3.95,0.7248964960478119
directed,spectral,unlabel,random_color,llama-3.2-90b-vision-instruct,cot,5.0,0.6093406593406593
directed,spectral,unlabel,random_color,llama-3.2-90b-vision-instruct,zeroshot,3.75,0.7281063235010604
directed,spectral,unlabel,constant_color,claude-3.5-sonnet,cot,4.35,0.7468306977194447
directed,spectral,unlabel,constant_color,claude-3.5-sonnet,zeroshot,4.5,0.7418734327621797
directed,spectral,unlabel,constant_color,qwen-2-vl-72b-instruct,cot,3.8,0.7728660604811501
directed,spectral,unlabel,constant_color,qwen-2-vl-72b-instruct,zeroshot,4.4,0.731219062977375
directed,spectral,unlabel,constant_color,gemini-pro-1.5,cot,4.05,0.7572737932712357
directed,spectral,unlabel,constant_color,gemini-pro-1.5,zeroshot,3.95,0.7607231217205641
directed,spectral,unlabel,constant_color,gpt-4o-2024-08-06,cot,2.75,0.8452615166873478
directed,spectral,unlabel,constant_color,gpt-4o-2024-08-06,zeroshot,2.85,0.8322600999455221
directed,spectral,unlabel,constant_color,pixtral-12b,cot,4.7,0.7143376110959232
directed,spectral,unlabel,constant_color,pixtral-12b,zeroshot,4.4,0.7330048752043636
directed,spectral,unlabel,constant_color,llama-3.2-90b-vision-instruct,cot,2.8,0.8307293686705449
directed,spectral,unlabel,constant_color,llama-3.2-90b-vision-instruct,zeroshot,3.1875,0.817990710270122
directed,spectral,label,random_color,claude-3.5-sonnet,cot,3.35,0.80193776106934
directed,spectral,label,random_color,claude-3.5-sonnet,zeroshot,3.3,0.7985693400167084
directed,spectral,label,random_color,qwen-2-vl-72b-instruct,cot,2.95,0.8242598162071847
directed,spectral,label,random_color,qwen-2-vl-72b-instruct,zeroshot,2.6,0.8488696741854638
directed,spectral,label,random_color,gemini-pro-1.5,cot,2.5,0.846614684860299
directed,spectral,label,random_color,gemini-pro-1.5,zeroshot,2.5,0.8511637426900585
directed,spectral,label,random_color,gpt-4o-2024-08-06,cot,2.0,0.8780655806182123
directed,spectral,label,random_color,gpt-4o-2024-08-06,zeroshot,1.75,0.8916370091896407
directed,spectral,label,random_color,pixtral-12b,cot,4.1,0.7367485380116958
directed,spectral,label,random_color,pixtral-12b,zeroshot,3.05,0.7967898913951545
directed,spectral,label,random_color,llama-3.2-90b-vision-instruct,cot,5.357142857142857,0.6716129609738631
directed,spectral,label,random_color,llama-3.2-90b-vision-instruct,zeroshot,4.7,0.7009857978279032
directed,spectral,label,constant_color,claude-3.5-sonnet,cot,2.7,0.8553942923990207
directed,spectral,label,constant_color,claude-3.5-sonnet,zeroshot,2.65,0.8577808582867306
directed,spectral,label,constant_color,qwen-2-vl-72b-instruct,cot,3.3,0.807224866786046
directed,spectral,label,constant_color,qwen-2-vl-72b-instruct,zeroshot,2.95,0.8312399256734799
directed,spectral,label,constant_color,gemini-pro-1.5,cot,2.0,0.8936859619549921
directed,spectral,label,constant_color,gemini-pro-1.5,zeroshot,2.15,0.8835250132228192
directed,spectral,label,constant_color,gpt-4o-2024-08-06,cot,2.15,0.8864799946224936
directed,spectral,label,constant_color,gpt-4o-2024-08-06,zeroshot,2.3,0.8775954252445031
directed,spectral,label,constant_color,pixtral-12b,cot,3.05,0.8262017027183941
directed,spectral,label,constant_color,pixtral-12b,zeroshot,2.4,0.8623275841263626
directed,spectral,label,constant_color,llama-3.2-90b-vision-instruct,cot,2.3333333333333335,0.8761140819964349
directed,spectral,label,constant_color,llama-3.2-90b-vision-instruct,zeroshot,3.5,0.8052115583075334
directed,circular,unlabel,random_color,claude-3.5-sonnet,cot,1.6,0.9105246191361921
directed,circular,unlabel,random_color,claude-3.5-sonnet,zeroshot,1.45,0.9150162669811008
directed,circular,unlabel,random_color,qwen-2-vl-72b-instruct,cot,3.35,0.8127975692253188
directed,circular,unlabel,random_color,qwen-2-vl-72b-instruct,zeroshot,3.95,0.7919207991496995
directed,circular,unlabel,random_color,gemini-pro-1.5,cot,1.15,0.9308127816343928
directed,circular,unlabel,random_color,gemini-pro-1.5,zeroshot,0.85,0.9499794483010596
directed,circular,unlabel,random_color,gpt-4o-2024-08-06,cot,2.5,0.8692218656237198
directed,circular,unlabel,random_color,gpt-4o-2024-08-06,zeroshot,4.2,0.7659978493373634
directed,circular,unlabel,random_color,pixtral-12b,cot,4.2,0.7645766529932132
directed,circular,unlabel,random_color,pixtral-12b,zeroshot,2.6,0.8554123542697714
directed,circular,unlabel,random_color,llama-3.2-90b-vision-instruct,cot,2.0,0.8774338655093131
directed,circular,unlabel,random_color,llama-3.2-90b-vision-instruct,zeroshot,2.6666666666666665,0.8580608976133273
directed,circular,unlabel,constant_color,claude-3.5-sonnet,cot,0.9,0.9366160542991206
directed,circular,unlabel,constant_color,claude-3.5-sonnet,zeroshot,1.25,0.9163856722912451
directed,circular,unlabel,constant_color,qwen-2-vl-72b-instruct,cot,2.75,0.8307835328847577
directed,circular,unlabel,constant_color,qwen-2-vl-72b-instruct,zeroshot,2.1,0.8698262988712578
directed,circular,unlabel,constant_color,gemini-pro-1.5,cot,0.55,0.9681047023899361
directed,circular,unlabel,constant_color,gemini-pro-1.5,zeroshot,0.75,0.9531047023899359
directed,circular,unlabel,constant_color,gpt-4o-2024-08-06,cot,2.6,0.825520775607934
directed,circular,unlabel,constant_color,gpt-4o-2024-08-06,zeroshot,2.75,0.8147933442845275
directed,circular,unlabel,constant_color,pixtral-12b,cot,1.7222222222222223,0.8907304255713642
directed,circular,unlabel,constant_color,pixtral-12b,zeroshot,2.25,0.858513241368942
directed,circular,unlabel,constant_color,llama-3.2-90b-vision-instruct,cot,1.1666666666666667,0.9320184519269188
directed,circular,unlabel,constant_color,llama-3.2-90b-vision-instruct,zeroshot,2.5,0.8508454106280193
directed,circular,label,random_color,claude-3.5-sonnet,cot,1.15,0.9308668496106576
directed,circular,label,random_color,claude-3.5-sonnet,zeroshot,0.85,0.9492037480063795
directed,circular,label,random_color,qwen-2-vl-72b-instruct,cot,1.45,0.9187721643681398
directed,circular,label,random_color,qwen-2-vl-72b-instruct,zeroshot,4.2,0.7729484473215125
directed,circular,label,random_color,gemini-pro-1.5,cot,1.05,0.9465733769584389
directed,circular,label,random_color,gemini-pro-1.5,zeroshot,1.2,0.9388102190637021
directed,circular,label,random_color,gpt-4o-2024-08-06,cot,2.35,0.8894152828595553
directed,circular,label,random_color,gpt-4o-2024-08-06,zeroshot,2.0,0.9061974036025895
directed,circular,label,random_color,pixtral-12b,cot,3.1,0.8167318815085842
directed,circular,label,random_color,pixtral-12b,zeroshot,2.6,0.8236947884416924
directed,circular,label,random_color,llama-3.2-90b-vision-instruct,cot,4.0,0.7568657941645557
directed,circular,label,random_color,llama-3.2-90b-vision-instruct,zeroshot,2.0,0.8819377990430622
directed,circular,label,constant_color,claude-3.5-sonnet,cot,1.75,0.9004378688234187
directed,circular,label,constant_color,claude-3.5-sonnet,zeroshot,2.25,0.8770817141085683
directed,circular,label,constant_color,qwen-2-vl-72b-instruct,cot,1.4,0.9202556991175918
directed,circular,label,constant_color,qwen-2-vl-72b-instruct,zeroshot,4.6,0.7562442842749748
directed,circular,label,constant_color,gemini-pro-1.5,cot,1.8,0.8982882718304713
directed,circular,label,constant_color,gemini-pro-1.5,zeroshot,1.4,0.9193391902215431
directed,circular,label,constant_color,gpt-4o-2024-08-06,cot,1.8,0.9011511442521674
directed,circular,label,constant_color,gpt-4o-2024-08-06,zeroshot,2.95,0.8378988551942517
directed,circular,label,constant_color,pixtral-12b,cot,3.111111111111111,0.8343173698992113
directed,circular,label,constant_color,pixtral-12b,zeroshot,4.45,0.7559021019474984
directed,circular,label,constant_color,llama-3.2-90b-vision-instruct,cot,3.25,0.8335468426501035
directed,circular,label,constant_color,llama-3.2-90b-vision-instruct,zeroshot,2.0,0.8766695487483531
directed,kamada,unlabel,random_color,claude-3.5-sonnet,cot,2.4,0.858288770053476
directed,kamada,unlabel,random_color,claude-3.5-sonnet,zeroshot,2.15,0.8709347147950088
directed,kamada,unlabel,random_color,qwen-2-vl-72b-instruct,cot,2.05,0.8722274212715388
directed,kamada,unlabel,random_color,qwen-2-vl-72b-instruct,zeroshot,2.15,0.8696516636957814
directed,kamada,unlabel,random_color,gemini-pro-1.5,cot,1.2,0.9310004456327986
directed,kamada,unlabel,random_color,gemini-pro-1.5,zeroshot,1.2,0.9279953951277482
directed,kamada,unlabel,random_color,gpt-4o-2024-08-06,cot,1.65,0.9042160576351753
directed,kamada,unlabel,random_color,gpt-4o-2024-08-06,zeroshot,1.05,0.9383559863339276
directed,kamada,unlabel,random_color,pixtral-12b,cot,1.9,0.8801433452168747
directed,kamada,unlabel,random_color,pixtral-12b,zeroshot,2.4,0.8448165478312537
directed,kamada,unlabel,random_color,llama-3.2-90b-vision-instruct,cot,6.125,0.6239221256684493
directed,kamada,unlabel,random_color,llama-3.2-90b-vision-instruct,zeroshot,2.8,0.8216094771241831
directed,kamada,unlabel,constant_color,claude-3.5-sonnet,cot,2.3,0.8597540139244103
directed,kamada,unlabel,constant_color,claude-3.5-sonnet,zeroshot,1.75,0.8958242753623189
directed,kamada,unlabel,constant_color,qwen-2-vl-72b-instruct,cot,3.2,0.7904953466894005
directed,kamada,unlabel,constant_color,qwen-2-vl-72b-instruct,zeroshot,2.5,0.8487102159704462
directed,kamada,unlabel,constant_color,gemini-pro-1.5,cot,1.3,0.9246145922136971
directed,kamada,unlabel,constant_color,gemini-pro-1.5,zeroshot,1.35,0.9212322392725207
directed,kamada,unlabel,constant_color,gpt-4o-2024-08-06,cot,1.35,0.9173779838022165
directed,kamada,unlabel,constant_color,gpt-4o-2024-08-06,zeroshot,1.1,0.9333965615231602
directed,kamada,unlabel,constant_color,pixtral-12b,cot,2.75,0.8149159917590223
directed,kamada,unlabel,constant_color,pixtral-12b,zeroshot,2.0,0.8645382210855358
directed,kamada,unlabel,constant_color,llama-3.2-90b-vision-instruct,cot,2.5833333333333335,0.8306372549019608
directed,kamada,unlabel,constant_color,llama-3.2-90b-vision-instruct,zeroshot,2.2142857142857144,0.8718464559736939
directed,kamada,label,random_color,claude-3.5-sonnet,cot,2.1,0.8867398661265428
directed,kamada,label,random_color,claude-3.5-sonnet,zeroshot,2.0,0.8893322685641467
directed,kamada,label,random_color,qwen-2-vl-72b-instruct,cot,1.8,0.9078268912682279
directed,kamada,label,random_color,qwen-2-vl-72b-instruct,zeroshot,1.4,0.9225414344027559
directed,kamada,label,random_color,gemini-pro-1.5,cot,1.25,0.9370587021248922
directed,kamada,label,random_color,gemini-pro-1.5,zeroshot,1.0,0.9481018341112287
directed,kamada,label,random_color,gpt-4o-2024-08-06,cot,1.0,0.9490075393806577
directed,kamada,label,random_color,gpt-4o-2024-08-06,zeroshot,1.15,0.9351565510394378
directed,kamada,label,random_color,pixtral-12b,cot,3.05,0.8136131686185065
directed,kamada,label,random_color,pixtral-12b,zeroshot,2.1,0.8560772646093453
directed,kamada,label,random_color,llama-3.2-90b-vision-instruct,cot,3.0833333333333335,0.7945491556946666
directed,kamada,label,random_color,llama-3.2-90b-vision-instruct,zeroshot,3.888888888888889,0.7820919767594262
directed,kamada,label,constant_color,claude-3.5-sonnet,cot,1.75,0.900366889890968
directed,kamada,label,constant_color,claude-3.5-sonnet,zeroshot,1.6,0.9086267979731939
directed,kamada,label,constant_color,qwen-2-vl-72b-instruct,cot,1.45,0.9226359390056558
directed,kamada,label,constant_color,qwen-2-vl-72b-instruct,zeroshot,1.5,0.9135670551592108
directed,kamada,label,constant_color,gemini-pro-1.5,cot,0.9,0.949533261435772
directed,kamada,label,constant_color,gemini-pro-1.5,zeroshot,0.9,0.9496648403831405
directed,kamada,label,constant_color,gpt-4o-2024-08-06,cot,0.75,0.9615140592850413
directed,kamada,label,constant_color,gpt-4o-2024-08-06,zeroshot,0.85,0.9568124194757994
directed,kamada,label,constant_color,pixtral-12b,cot,2.75,0.8532702333412387
directed,kamada,label,constant_color,pixtral-12b,zeroshot,1.05,0.9439817174009193
directed,kamada,label,constant_color,llama-3.2-90b-vision-instruct,cot,2.875,0.8253943282118339
directed,kamada,label,constant_color,llama-3.2-90b-vision-instruct,zeroshot,1.375,0.9040178571428572
directed,spring,unlabel,random_color,claude-3.5-sonnet,cot,2.35,0.8660071180969015
directed,spring,unlabel,random_color,claude-3.5-sonnet,zeroshot,2.1,0.879204142520706
directed,spring,unlabel,random_color,qwen-2-vl-72b-instruct,cot,2.75,0.8488519091847266
directed,spring,unlabel,random_color,qwen-2-vl-72b-instruct,zeroshot,1.75,0.8947957752601715
directed,spring,unlabel,random_color,gemini-pro-1.5,cot,1.45,0.9220564750866609
directed,spring,unlabel,random_color,gemini-pro-1.5,zeroshot,1.35,0.9263865404461381
directed,spring,unlabel,random_color,gpt-4o-2024-08-06,cot,1.25,0.9314588365710657
directed,spring,unlabel,random_color,gpt-4o-2024-08-06,zeroshot,1.35,0.9249984453970521
directed,spring,unlabel,random_color,pixtral-12b,cot,3.3,0.8028696174826205
directed,spring,unlabel,random_color,pixtral-12b,zeroshot,1.8,0.8871097521329719
directed,spring,unlabel,random_color,llama-3.2-90b-vision-instruct,cot,5.0,0.649898123891932
directed,spring,unlabel,random_color,llama-3.2-90b-vision-instruct,zeroshot,4.416666666666667,0.6979700854700854
directed,spring,unlabel,constant_color,claude-3.5-sonnet,cot,2.45,0.8430748667397274
directed,spring,unlabel,constant_color,claude-3.5-sonnet,zeroshot,2.25,0.8493814950529348
directed,spring,unlabel,constant_color,qwen-2-vl-72b-instruct,cot,2.15,0.8424051045703523
directed,spring,unlabel,constant_color,qwen-2-vl-72b-instruct,zeroshot,2.15,0.848110324702817
directed,spring,unlabel,constant_color,gemini-pro-1.5,cot,1.8,0.8811614338104276
directed,spring,unlabel,constant_color,gemini-pro-1.5,zeroshot,1.8,0.8833836560326498
directed,spring,unlabel,constant_color,gpt-4o-2024-08-06,cot,1.25,0.9080482398148808
directed,spring,unlabel,constant_color,gpt-4o-2024-08-06,zeroshot,1.5,0.8978278972919067
directed,spring,unlabel,constant_color,pixtral-12b,cot,1.75,0.8779939833558255
directed,spring,unlabel,constant_color,pixtral-12b,zeroshot,2.4,0.8329976705441103
directed,spring,unlabel,constant_color,llama-3.2-90b-vision-instruct,cot,1.5,0.9024089812692754
directed,spring,unlabel,constant_color,llama-3.2-90b-vision-instruct,zeroshot,1.6666666666666667,0.8517482517482518
directed,spring,label,random_color,claude-3.5-sonnet,cot,2.0,0.8847636212555784
directed,spring,label,random_color,claude-3.5-sonnet,zeroshot,1.85,0.8916524465797586
directed,spring,label,random_color,qwen-2-vl-72b-instruct,cot,1.7,0.9127526265743052
directed,spring,label,random_color,qwen-2-vl-72b-instruct,zeroshot,1.25,0.936621062788784
directed,spring,label,random_color,gemini-pro-1.5,cot,0.75,0.960398315284572
directed,spring,label,random_color,gemini-pro-1.5,zeroshot,0.95,0.9474636849106833
directed,spring,label,random_color,gpt-4o-2024-08-06,cot,1.45,0.9288767179112447
directed,spring,label,random_color,gpt-4o-2024-08-06,zeroshot,1.3,0.9362246914255934
directed,spring,label,random_color,pixtral-12b,cot,2.7,0.8463751333133148
directed,spring,label,random_color,pixtral-12b,zeroshot,1.6,0.8984429177409391
directed,spring,label,random_color,llama-3.2-90b-vision-instruct,cot,2.9166666666666665,0.8419886566373306
directed,spring,label,random_color,llama-3.2-90b-vision-instruct,zeroshot,3.375,0.8124885531135532
directed,spring,label,constant_color,claude-3.5-sonnet,cot,1.55,0.9111598344465992
directed,spring,label,constant_color,claude-3.5-sonnet,zeroshot,1.5,0.9128820566688214
directed,spring,label,constant_color,qwen-2-vl-72b-instruct,cot,2.8,0.8268144437262084
directed,spring,label,constant_color,qwen-2-vl-72b-instruct,zeroshot,2.0,0.8839768099547513
directed,spring,label,constant_color,gemini-pro-1.5,cot,1.35,0.9210432557638442
directed,spring,label,constant_color,gemini-pro-1.5,zeroshot,1.2,0.9312386159592043
directed,spring,label,constant_color,gpt-4o-2024-08-06,cot,1.1,0.9383776036055448
directed,spring,label,constant_color,gpt-4o-2024-08-06,zeroshot,1.25,0.9324566005889535
directed,spring,label,constant_color,pixtral-12b,cot,2.1,0.8869889301874597
directed,spring,label,constant_color,pixtral-12b,zeroshot,1.75,0.8936074301515478
directed,spring,label,constant_color,llama-3.2-90b-vision-instruct,cot,4.2,0.7701633986928105
directed,spring,label,constant_color,llama-3.2-90b-vision-instruct,zeroshot,1.1666666666666667,0.9171957671957672
directed,shell,unlabel,random_color,claude-3.5-sonnet,cot,1.35,0.9274697622844246
directed,shell,unlabel,random_color,claude-3.5-sonnet,zeroshot,2.05,0.8926128198595051
directed,shell,unlabel,random_color,qwen-2-vl-72b-instruct,cot,2.75,0.8206961765519447
directed,shell,unlabel,random_color,qwen-2-vl-72b-instruct,zeroshot,3.55,0.8097728169775215
directed,shell,unlabel,random_color,gemini-pro-1.5,cot,0.9,0.9416885286943504
directed,shell,unlabel,random_color,gemini-pro-1.5,zeroshot,0.85,0.9495146156508723
directed,shell,unlabel,random_color,gpt-4o-2024-08-06,cot,3.0,0.8353532537817099
directed,shell,unlabel,random_color,gpt-4o-2024-08-06,zeroshot,3.05,0.8249250816767475
directed,shell,unlabel,random_color,pixtral-12b,cot,6.25,0.6510214838443739
directed,shell,unlabel,random_color,pixtral-12b,zeroshot,2.25,0.8582788258764162
directed,shell,unlabel,random_color,llama-3.2-90b-vision-instruct,cot,1.75,0.9011904761904761
directed,shell,unlabel,random_color,llama-3.2-90b-vision-instruct,zeroshot,1.375,0.9189897698209719
directed,shell,unlabel,constant_color,claude-3.5-sonnet,cot,1.3,0.9162086057535141
directed,shell,unlabel,constant_color,claude-3.5-sonnet,zeroshot,1.45,0.9106696133449566
directed,shell,unlabel,constant_color,qwen-2-vl-72b-instruct,cot,5.55,0.6667603111038465
directed,shell,unlabel,constant_color,qwen-2-vl-72b-instruct,zeroshot,3.4,0.7988387454142604
directed,shell,unlabel,constant_color,gemini-pro-1.5,cot,1.1,0.9374062057317207
directed,shell,unlabel,constant_color,gemini-pro-1.5,zeroshot,1.25,0.9317871581126731
directed,shell,unlabel,constant_color,gpt-4o-2024-08-06,cot,2.65,0.8224025734626421
directed,shell,unlabel,constant_color,gpt-4o-2024-08-06,zeroshot,2.95,0.8050721822672624
directed,shell,unlabel,constant_color,pixtral-12b,cot,2.5,0.8497296592931607
directed,shell,unlabel,constant_color,pixtral-12b,zeroshot,2.7,0.8347758572155026
directed,shell,unlabel,constant_color,llama-3.2-90b-vision-instruct,cot,2.75,0.8349659247757073
directed,shell,unlabel,constant_color,llama-3.2-90b-vision-instruct,zeroshot,2.6666666666666665,0.8393357487922706
directed,shell,label,random_color,claude-3.5-sonnet,cot,1.0,0.9269394167923581
directed,shell,label,random_color,claude-3.5-sonnet,zeroshot,1.05,0.9264889848713377
directed,shell,label,random_color,qwen-2-vl-72b-instruct,cot,3.5,0.791442479089538
directed,shell,label,random_color,qwen-2-vl-72b-instruct,zeroshot,3.55,0.7771421225832991
directed,shell,label,random_color,gemini-pro-1.5,cot,0.45,0.9682629462041227
directed,shell,label,random_color,gemini-pro-1.5,zeroshot,0.65,0.9573805932629462
directed,shell,label,random_color,gpt-4o-2024-08-06,cot,1.6,0.904074454956808
directed,shell,label,random_color,gpt-4o-2024-08-06,zeroshot,2.2,0.8647230220759632
directed,shell,label,random_color,pixtral-12b,cot,2.15,0.8552110471228118
directed,shell,label,random_color,pixtral-12b,zeroshot,3.0,0.7733483020247726
directed,shell,label,random_color,llama-3.2-90b-vision-instruct,cot,0.875,0.9309440559440559
directed,shell,label,random_color,llama-3.2-90b-vision-instruct,zeroshot,1.375,0.9043279228940992
directed,shell,label,constant_color,claude-3.5-sonnet,cot,1.45,0.933716162386643
directed,shell,label,constant_color,claude-3.5-sonnet,zeroshot,1.65,0.9247636664124077
directed,shell,label,constant_color,qwen-2-vl-72b-instruct,cot,3.2,0.8622215865751335
directed,shell,label,constant_color,qwen-2-vl-72b-instruct,zeroshot,3.4,0.8525478854140183
directed,shell,label,constant_color,gemini-pro-1.5,cot,1.35,0.9370897533689295
directed,shell,label,constant_color,gemini-pro-1.5,zeroshot,1.2,0.9449844902110348
directed,shell,label,constant_color,gpt-4o-2024-08-06,cot,2.35,0.8936926858208324
directed,shell,label,constant_color,gpt-4o-2024-08-06,zeroshot,4.05,0.8154227053140097
directed,shell,label,constant_color,pixtral-12b,cot,3.5,0.8371635308076956
directed,shell,label,constant_color,pixtral-12b,zeroshot,4.1,0.8240922959572845
directed,shell,label,constant_color,llama-3.2-90b-vision-instruct,cot,1.6666666666666667,0.9199084668192219
directed,shell,label,constant_color,llama-3.2-90b-vision-instruct,zeroshot,2.2,0.8882379862700228
undirected,spiral,unlabel,random_color,claude-3.5-sonnet,cot,1.0,0.938046218487395
undirected,spiral,unlabel,random_color,claude-3.5-sonnet,zeroshot,1.4,0.9103326330532212
undirected,spiral,unlabel,random_color,qwen-2-vl-72b-instruct,cot,5.75,0.6892250233426704
undirected,spiral,unlabel,random_color,qwen-2-vl-72b-instruct,zeroshot,5.3,0.6838550420168068
undirected,spiral,unlabel,random_color,gemini-pro-1.5,cot,0.7,0.9492261904761904
undirected,spiral,unlabel,random_color,gemini-pro-1.5,zeroshot,1.55,0.909325396825397
undirected,spiral,unlabel,random_color,gpt-4o-2024-08-06,cot,1.75,0.8934932306255838
undirected,spiral,unlabel,random_color,gpt-4o-2024-08-06,zeroshot,3.0,0.8078092903828198
undirected,spiral,unlabel,random_color,pixtral-12b,cot,2.8,0.8122327264239029
undirected,spiral,unlabel,random_color,pixtral-12b,zeroshot,2.3,0.8463352007469656
undirected,spiral,unlabel,random_color,llama-3.2-90b-vision-instruct,cot,2.4166666666666665,0.8435515873015872
undirected,spiral,unlabel,random_color,llama-3.2-90b-vision-instruct,zeroshot,1.4,0.9024603174603175
undirected,spiral,unlabel,constant_color,claude-3.5-sonnet,cot,1.3,0.9091142732396602
undirected,spiral,unlabel,constant_color,claude-3.5-sonnet,zeroshot,1.45,0.9013411261940674
undirected,spiral,unlabel,constant_color,qwen-2-vl-72b-instruct,cot,2.7,0.8118568574528325
undirected,spiral,unlabel,constant_color,qwen-2-vl-72b-instruct,zeroshot,2.7,0.810971924532296
undirected,spiral,unlabel,constant_color,gemini-pro-1.5,cot,0.85,0.945036450477627
undirected,spiral,unlabel,constant_color,gemini-pro-1.5,zeroshot,0.75,0.952885872297637
undirected,spiral,unlabel,constant_color,gpt-4o-2024-08-06,cot,4.05,0.7471802148659734
undirected,spiral,unlabel,constant_color,gpt-4o-2024-08-06,zeroshot,3.05,0.7907804106797914
undirected,spiral,unlabel,constant_color,pixtral-12b,cot,2.35,0.8366174485988728
undirected,spiral,unlabel,constant_color,pixtral-12b,zeroshot,3.15,0.7706183350533196
undirected,spiral,unlabel,constant_color,llama-3.2-90b-vision-instruct,cot,1.2,0.9135897435897438
undirected,spiral,unlabel,constant_color,llama-3.2-90b-vision-instruct,zeroshot,4.333333333333333,0.618945868945869
undirected,spiral,label,random_color,claude-3.5-sonnet,cot,1.3,0.9119530443756447
undirected,spiral,label,random_color,claude-3.5-sonnet,zeroshot,1.4,0.9056068905294911
undirected,spiral,label,random_color,qwen-2-vl-72b-instruct,cot,2.65,0.8167486486681532
undirected,spiral,label,random_color,qwen-2-vl-72b-instruct,zeroshot,3.3,0.7913639069908419
undirected,spiral,label,random_color,gemini-pro-1.5,cot,1.6,0.8974599110899419
undirected,spiral,label,random_color,gemini-pro-1.5,zeroshot,1.7,0.8849200386816485
undirected,spiral,label,random_color,gpt-4o-2024-08-06,cot,1.65,0.8798655343624384
undirected,spiral,label,random_color,gpt-4o-2024-08-06,zeroshot,1.85,0.8719690113807761
undirected,spiral,label,random_color,pixtral-12b,cot,1.75,0.8685160608225624
undirected,spiral,label,random_color,pixtral-12b,zeroshot,3.3333333333333335,0.7617966799855345
undirected,spiral,label,random_color,llama-3.2-90b-vision-instruct,cot,0.8333333333333334,0.9393188854489164
undirected,spiral,label,random_color,llama-3.2-90b-vision-instruct,zeroshot,11.75,0.005308142150247441
undirected,spiral,label,constant_color,claude-3.5-sonnet,cot,2.1,0.8701274744347499
undirected,spiral,label,constant_color,claude-3.5-sonnet,zeroshot,2.35,0.855530420302092
undirected,spiral,label,constant_color,qwen-2-vl-72b-instruct,cot,1.65,0.8986017098226851
undirected,spiral,label,constant_color,qwen-2-vl-72b-instruct,zeroshot,3.4,0.8029944764987335
undirected,spiral,label,constant_color,gemini-pro-1.5,cot,1.8,0.8916585749132186
undirected,spiral,label,constant_color,gemini-pro-1.5,zeroshot,2.05,0.8749191411014167
undirected,spiral,label,constant_color,gpt-4o-2024-08-06,cot,1.7,0.887672741345342
undirected,spiral,label,constant_color,gpt-4o-2024-08-06,zeroshot,1.6,0.8961073388685618
undirected,spiral,label,constant_color,pixtral-12b,cot,3.1666666666666665,0.8155007896300466
undirected,spiral,label,constant_color,pixtral-12b,zeroshot,4.3,0.7366652007693029
undirected,spiral,label,constant_color,llama-3.2-90b-vision-instruct,cot,1.8571428571428572,0.8780065136102289
undirected,spiral,label,constant_color,llama-3.2-90b-vision-instruct,zeroshot,1.625,0.9069014447884417
undirected,random,unlabel,random_color,claude-3.5-sonnet,cot,1.7,0.8821557682083998
undirected,random,unlabel,random_color,claude-3.5-sonnet,zeroshot,1.55,0.8899460773144984
undirected,random,unlabel,random_color,qwen-2-vl-72b-instruct,cot,4.35,0.7403846738057265
undirected,random,unlabel,random_color,qwen-2-vl-72b-instruct,zeroshot,2.65,0.8391216678058784
undirected,random,unlabel,random_color,gemini-pro-1.5,cot,0.8,0.9437195260879472
undirected,random,unlabel,random_color,gemini-pro-1.5,zeroshot,0.8,0.9437195260879472
undirected,random,unlabel,random_color,gpt-4o-2024-08-06,cot,1.8,0.8773847497531708
undirected,random,unlabel,random_color,gpt-4o-2024-08-06,zeroshot,2.45,0.83319662793347
undirected,random,unlabel,random_color,pixtral-12b,cot,3.6,0.7681404268246375
undirected,random,unlabel,random_color,pixtral-12b,zeroshot,2.1,0.8446487430697956
undirected,random,unlabel,random_color,llama-3.2-90b-vision-instruct,cot,4.25,0.6925565175565175
undirected,random,unlabel,random_color,llama-3.2-90b-vision-instruct,zeroshot,1.9166666666666667,0.8713899648110174
undirected,random,unlabel,constant_color,claude-3.5-sonnet,cot,1.55,0.8867119320737741
undirected,random,unlabel,constant_color,claude-3.5-sonnet,zeroshot,1.45,0.894256072874494
undirected,random,unlabel,constant_color,qwen-2-vl-72b-instruct,cot,1.9,0.8628236054880791
undirected,random,unlabel,constant_color,qwen-2-vl-72b-instruct,zeroshot,2.6,0.8295743364822312
undirected,random,unlabel,constant_color,gemini-pro-1.5,cot,0.85,0.9407498313090418
undirected,random,unlabel,constant_color,gemini-pro-1.5,zeroshot,0.95,0.9331182523616735
undirected,random,unlabel,constant_color,gpt-4o-2024-08-06,cot,1.5,0.891460301394512
undirected,random,unlabel,constant_color,gpt-4o-2024-08-06,zeroshot,2.45,0.8353711201079623
undirected,random,unlabel,constant_color,pixtral-12b,cot,1.65,0.8905187246963562
undirected,random,unlabel,constant_color,pixtral-12b,zeroshot,1.35,0.8976835919928025
undirected,random,unlabel,constant_color,llama-3.2-90b-vision-instruct,cot,3.0,0.8048968575284364
undirected,random,unlabel,constant_color,llama-3.2-90b-vision-instruct,zeroshot,4.875,0.6415665064102565
undirected,random,label,random_color,claude-3.5-sonnet,cot,0.95,0.9305768640114616
undirected,random,label,random_color,claude-3.5-sonnet,zeroshot,1.25,0.9105877793087546
undirected,random,label,random_color,qwen-2-vl-72b-instruct,cot,1.4,0.9081745960867478
undirected,random,label,random_color,qwen-2-vl-72b-instruct,zeroshot,1.2,0.9213626827249121
undirected,random,label,random_color,gemini-pro-1.5,cot,0.8,0.9454754580644675
undirected,random,label,random_color,gemini-pro-1.5,zeroshot,0.55,0.9605845543345545
undirected,random,label,random_color,gpt-4o-2024-08-06,cot,1.2,0.9157366786120656
undirected,random,label,random_color,gpt-4o-2024-08-06,zeroshot,1.1,0.9279708202444269
undirected,random,label,random_color,pixtral-12b,cot,2.55,0.817516401297361
undirected,random,label,random_color,pixtral-12b,zeroshot,2.3,0.839761921300234
undirected,random,label,random_color,llama-3.2-90b-vision-instruct,cot,1.8888888888888888,0.851947616653499
undirected,random,label,random_color,llama-3.2-90b-vision-instruct,zeroshot,1.7857142857142858,0.8873180041247268
undirected,random,label,constant_color,claude-3.5-sonnet,cot,1.35,0.9109429562618923
undirected,random,label,constant_color,claude-3.5-sonnet,zeroshot,1.3,0.9137280439811905
undirected,random,label,constant_color,qwen-2-vl-72b-instruct,cot,1.85,0.8702045718392973
undirected,random,label,constant_color,qwen-2-vl-72b-instruct,zeroshot,1.4,0.9059980218103789
undirected,random,label,constant_color,gemini-pro-1.5,cot,1.15,0.9195238409569073
undirected,random,label,constant_color,gemini-pro-1.5,zeroshot,1.2777777777777777,0.9202491783155398
undirected,random,label,constant_color,gpt-4o-2024-08-06,cot,2.2,0.8593524415134827
undirected,random,label,constant_color,gpt-4o-2024-08-06,zeroshot,1.45,0.9063276607069513
undirected,random,label,constant_color,pixtral-12b,cot,2.15,0.8606875728200098
undirected,random,label,constant_color,pixtral-12b,zeroshot,2.15,0.8473569741661848
undirected,random,label,constant_color,llama-3.2-90b-vision-instruct,cot,2.5,0.8741228070175439
undirected,random,label,constant_color,llama-3.2-90b-vision-instruct,zeroshot,3.75,0.7534628010243
undirected,spectral,unlabel,random_color,claude-3.5-sonnet,cot,3.65,0.766853906430313
undirected,spectral,unlabel,random_color,claude-3.5-sonnet,zeroshot,3.4,0.7776023457928829
undirected,spectral,unlabel,random_color,qwen-2-vl-72b-instruct,cot,2.1,0.8670836702726088
undirected,spectral,unlabel,random_color,qwen-2-vl-72b-instruct,zeroshot,2.8,0.7873618438963708
undirected,spectral,unlabel,random_color,gemini-pro-1.5,cot,2.95,0.8052868760253672
undirected,spectral,unlabel,random_color,gemini-pro-1.5,zeroshot,2.85,0.8108931862752196
undirected,spectral,unlabel,random_color,gpt-4o-2024-08-06,cot,2.3,0.8509644745706127
undirected,spectral,unlabel,random_color,gpt-4o-2024-08-06,zeroshot,1.9,0.8776945885529646
undirected,spectral,unlabel,random_color,pixtral-12b,cot,3.75,0.7481396423979543
undirected,spectral,unlabel,random_color,pixtral-12b,zeroshot,3.6,0.7626310051485883
undirected,spectral,unlabel,random_color,llama-3.2-90b-vision-instruct,cot,8.75,0.38181818181818183
undirected,spectral,unlabel,random_color,llama-3.2-90b-vision-instruct,zeroshot,3.5,0.785838779956427
undirected,spectral,unlabel,constant_color,claude-3.5-sonnet,cot,4.15,0.7011127980206928
undirected,spectral,unlabel,constant_color,claude-3.5-sonnet,zeroshot,3.85,0.7242236577491996
undirected,spectral,unlabel,constant_color,qwen-2-vl-72b-instruct,cot,3.85,0.7156147462358763
undirected,spectral,unlabel,constant_color,qwen-2-vl-72b-instruct,zeroshot,4.75,0.6295238449630863
undirected,spectral,unlabel,constant_color,gemini-pro-1.5,cot,4.05,0.6962035272948586
undirected,spectral,unlabel,constant_color,gemini-pro-1.5,zeroshot,3.9,0.7062525469027017
undirected,spectral,unlabel,constant_color,gpt-4o-2024-08-06,cot,2.9,0.7854329569209599
undirected,spectral,unlabel,constant_color,gpt-4o-2024-08-06,zeroshot,2.6,0.8051697990262232
undirected,spectral,unlabel,constant_color,pixtral-12b,cot,3.8,0.714189092641105
undirected,spectral,unlabel,constant_color,pixtral-12b,zeroshot,4.0,0.6898830574740018
undirected,spectral,unlabel,constant_color,llama-3.2-90b-vision-instruct,cot,5.214285714285714,0.6248547225907907
undirected,spectral,unlabel,constant_color,llama-3.2-90b-vision-instruct,zeroshot,6.583333333333333,0.45868055555555554
undirected,spectral,label,random_color,claude-3.5-sonnet,cot,3.6,0.7726086820031497
undirected,spectral,label,random_color,claude-3.5-sonnet,zeroshot,3.5,0.7786847689596714
undirected,spectral,label,random_color,qwen-2-vl-72b-instruct,cot,4.1,0.7191710588677711
undirected,spectral,label,random_color,qwen-2-vl-72b-instruct,zeroshot,3.15,0.7979380110735945
undirected,spectral,label,random_color,gemini-pro-1.5,cot,2.8,0.8186120483702595
undirected,spectral,label,random_color,gemini-pro-1.5,zeroshot,2.6,0.8335243786870015
undirected,spectral,label,random_color,gpt-4o-2024-08-06,cot,2.15,0.8699735823135002
undirected,spectral,label,random_color,gpt-4o-2024-08-06,zeroshot,2.4,0.8572967920321704
undirected,spectral,label,random_color,pixtral-12b,cot,4.4,0.7267608349720007
undirected,spectral,label,random_color,pixtral-12b,zeroshot,2.95,0.8067536567618678
undirected,spectral,label,random_color,llama-3.2-90b-vision-instruct,cot,2.8333333333333335,0.8249886169882973
undirected,spectral,label,random_color,llama-3.2-90b-vision-instruct,zeroshot,3.125,0.7832714160839161
undirected,spectral,label,constant_color,claude-3.5-sonnet,cot,2.2,0.8416899360958958
undirected,spectral,label,constant_color,claude-3.5-sonnet,zeroshot,2.1,0.8505664046995316
undirected,spectral,label,constant_color,qwen-2-vl-72b-instruct,cot,2.25,0.8351895788679844
undirected,spectral,label,constant_color,qwen-2-vl-72b-instruct,zeroshot,1.65,0.8918612070334208
undirected,spectral,label,constant_color,gemini-pro-1.5,cot,1.6,0.8902839961895689
undirected,spectral,label,constant_color,gemini-pro-1.5,zeroshot,1.7,0.8844506628562355
undirected,spectral,label,constant_color,gpt-4o-2024-08-06,cot,1.05,0.9284562792728426
undirected,spectral,label,constant_color,gpt-4o-2024-08-06,zeroshot,0.95,0.934979657855045
undirected,spectral,label,constant_color,pixtral-12b,cot,2.0,0.858347572834802
undirected,spectral,label,constant_color,pixtral-12b,zeroshot,1.7777777777777777,0.8693263607737292
undirected,spectral,label,constant_color,llama-3.2-90b-vision-instruct,cot,3.5714285714285716,0.7535539215686275
undirected,spectral,label,constant_color,llama-3.2-90b-vision-instruct,zeroshot,3.9375,0.7081509362348178
undirected,circular,unlabel,random_color,claude-3.5-sonnet,cot,1.95,0.8771339526486586
undirected,circular,unlabel,random_color,claude-3.5-sonnet,zeroshot,1.95,0.8765676235529176
undirected,circular,unlabel,random_color,qwen-2-vl-72b-instruct,cot,4.65,0.7012494735656501
undirected,circular,unlabel,random_color,qwen-2-vl-72b-instruct,zeroshot,6.35,0.6161459496385968
undirected,circular,unlabel,random_color,gemini-pro-1.5,cot,1.9,0.8748775693260988
undirected,circular,unlabel,random_color,gemini-pro-1.5,zeroshot,1.5,0.8999383133206662
undirected,circular,unlabel,random_color,gpt-4o-2024-08-06,cot,3.3,0.7916050901712668
undirected,circular,unlabel,random_color,gpt-4o-2024-08-06,zeroshot,3.0,0.7929059053691407
undirected,circular,unlabel,random_color,pixtral-12b,cot,4.9,0.6641529956971135
undirected,circular,unlabel,random_color,pixtral-12b,zeroshot,4.45,0.7067114625570509
undirected,circular,unlabel,random_color,llama-3.2-90b-vision-instruct,cot,0.25,0.9827380952380953
undirected,circular,unlabel,random_color,llama-3.2-90b-vision-instruct,zeroshot,3.8333333333333335,0.7174936174936176
undirected,circular,unlabel,constant_color,claude-3.5-sonnet,cot,2.05,0.8582463369963371
undirected,circular,unlabel,constant_color,claude-3.5-sonnet,zeroshot,2.15,0.8513415750915752
undirected,circular,unlabel,constant_color,qwen-2-vl-72b-instruct,cot,2.15,0.8431043956043958
undirected,circular,unlabel,constant_color,qwen-2-vl-72b-instruct,zeroshot,4.1,0.6997229853479854
undirected,circular,unlabel,constant_color,gemini-pro-1.5,cot,0.9,0.9303296703296702
undirected,circular,unlabel,constant_color,gemini-pro-1.5,zeroshot,1.0,0.9261630036630037
undirected,circular,unlabel,constant_color,gpt-4o-2024-08-06,cot,2.85,0.799356684981685
undirected,circular,unlabel,constant_color,gpt-4o-2024-08-06,zeroshot,2.7,0.8075274725274724
undirected,circular,unlabel,constant_color,pixtral-12b,cot,2.0,0.8590361721611721
undirected,circular,unlabel,constant_color,pixtral-12b,zeroshot,3.15,0.7775526556776556
undirected,circular,unlabel,constant_color,llama-3.2-90b-vision-instruct,cot,2.0,0.8574862637362637
undirected,circular,unlabel,constant_color,llama-3.2-90b-vision-instruct,zeroshot,2.5714285714285716,0.7974391679748823
undirected,circular,label,random_color,claude-3.5-sonnet,cot,2.8,0.8205209266567625
undirected,circular,label,random_color,claude-3.5-sonnet,zeroshot,2.95,0.8129540929057184
undirected,circular,label,random_color,qwen-2-vl-72b-instruct,cot,7.6,0.5585110471314032
undirected,circular,label,random_color,qwen-2-vl-72b-instruct,zeroshot,5.6,0.6658740885017975
undirected,circular,label,random_color,gemini-pro-1.5,cot,2.25,0.8573493074692765
undirected,circular,label,random_color,gemini-pro-1.5,zeroshot,2.35,0.8540775557861471
undirected,circular,label,random_color,gpt-4o-2024-08-06,cot,2.0,0.883788661888507
undirected,circular,label,random_color,gpt-4o-2024-08-06,zeroshot,1.2,0.9269441845564137
undirected,circular,label,random_color,pixtral-12b,cot,3.75,0.744695498644802
undirected,circular,label,random_color,pixtral-12b,zeroshot,3.8,0.7523171380563022
undirected,circular,label,random_color,llama-3.2-90b-vision-instruct,cot,1.75,0.8845282000564508
undirected,circular,label,random_color,llama-3.2-90b-vision-instruct,zeroshot,1.4,0.9069030419185218
undirected,circular,label,constant_color,claude-3.5-sonnet,cot,2.2,0.8633710808884958
undirected,circular,label,constant_color,claude-3.5-sonnet,zeroshot,2.55,0.8441422797189052
undirected,circular,label,constant_color,qwen-2-vl-72b-instruct,cot,5.6,0.6729567484888692
undirected,circular,label,constant_color,qwen-2-vl-72b-instruct,zeroshot,3.0555555555555554,0.8025560224089635
undirected,circular,label,constant_color,gemini-pro-1.5,cot,2.35,0.8536462172588335
undirected,circular,label,constant_color,gemini-pro-1.5,zeroshot,2.15,0.8653128839255
undirected,circular,label,constant_color,gpt-4o-2024-08-06,cot,2.95,0.8232369219617672
undirected,circular,label,constant_color,gpt-4o-2024-08-06,zeroshot,2.15,0.8682149614231657
undirected,circular,label,constant_color,pixtral-12b,cot,4.45,0.7413417121234459
undirected,circular,label,constant_color,pixtral-12b,zeroshot,5.2,0.6934720379379822
undirected,circular,label,constant_color,llama-3.2-90b-vision-instruct,cot,1.2,0.9297117794486216
undirected,circular,label,constant_color,llama-3.2-90b-vision-instruct,zeroshot,1.5,0.8897619047619049
undirected,kamada,unlabel,random_color,claude-3.5-sonnet,cot,1.7,0.8862085240274601
undirected,kamada,unlabel,random_color,claude-3.5-sonnet,zeroshot,1.75,0.8820167947041517
undirected,kamada,unlabel,random_color,qwen-2-vl-72b-instruct,cot,1.25,0.919671665576986
undirected,kamada,unlabel,random_color,qwen-2-vl-72b-instruct,zeroshot,1.8,0.8819414024190912
undirected,kamada,unlabel,random_color,gemini-pro-1.5,cot,1.2,0.9214889124986382
undirected,kamada,unlabel,random_color,gemini-pro-1.5,zeroshot,0.8,0.948217690966547
undirected,kamada,unlabel,random_color,gpt-4o-2024-08-06,cot,0.65,0.9537546992481204
undirected,kamada,unlabel,random_color,gpt-4o-2024-08-06,zeroshot,0.8,0.9513116350659259
undirected,kamada,unlabel,random_color,pixtral-12b,cot,2.95,0.8174036994660565
undirected,kamada,unlabel,random_color,pixtral-12b,zeroshot,1.05,0.9244504603901056
undirected,kamada,unlabel,random_color,llama-3.2-90b-vision-instruct,cot,3.15,0.781654475863572
undirected,kamada,unlabel,random_color,llama-3.2-90b-vision-instruct,zeroshot,2.3,0.8530124223602484
undirected,kamada,unlabel,constant_color,claude-3.5-sonnet,cot,1.5,0.9087095543345545
undirected,kamada,unlabel,constant_color,claude-3.5-sonnet,zeroshot,1.25,0.9274826562326564
undirected,kamada,unlabel,constant_color,qwen-2-vl-72b-instruct,cot,2.2,0.8577408008658007
undirected,kamada,unlabel,constant_color,qwen-2-vl-72b-instruct,zeroshot,2.3,0.8452560633810634
undirected,kamada,unlabel,constant_color,gemini-pro-1.5,cot,1.05,0.9406352675102676
undirected,kamada,unlabel,constant_color,gemini-pro-1.5,zeroshot,1.0,0.9417541486291487
undirected,kamada,unlabel,constant_color,gpt-4o-2024-08-06,cot,0.85,0.9510834998334999
undirected,kamada,unlabel,constant_color,gpt-4o-2024-08-06,zeroshot,0.95,0.936698926073926
undirected,kamada,unlabel,constant_color,pixtral-12b,cot,1.9,0.8819471500721502
undirected,kamada,unlabel,constant_color,pixtral-12b,zeroshot,1.75,0.8817139110889111
undirected,kamada,unlabel,constant_color,llama-3.2-90b-vision-instruct,cot,2.25,0.8552253302253303
undirected,kamada,unlabel,constant_color,llama-3.2-90b-vision-instruct,zeroshot,4.166666666666667,0.7397907647907648
undirected,kamada,label,random_color,claude-3.5-sonnet,cot,1.35,0.9167223230845523
undirected,kamada,label,random_color,claude-3.5-sonnet,zeroshot,1.4,0.9160230223852516
undirected,kamada,label,random_color,qwen-2-vl-72b-instruct,cot,1.95,0.8918768447754516
undirected,kamada,label,random_color,qwen-2-vl-72b-instruct,zeroshot,1.9,0.8909618986534621
undirected,kamada,label,random_color,gemini-pro-1.5,cot,0.6,0.968317225215445
undirected,kamada,label,random_color,gemini-pro-1.5,zeroshot,0.65,0.9637499175231374
undirected,kamada,label,random_color,gpt-4o-2024-08-06,cot,1.3,0.9297134657138528
undirected,kamada,label,random_color,gpt-4o-2024-08-06,zeroshot,1.15,0.937353194406213
undirected,kamada,label,random_color,pixtral-12b,cot,2.5555555555555554,0.8358045270003475
undirected,kamada,label,random_color,pixtral-12b,zeroshot,1.85,0.8814818076660182
undirected,kamada,label,random_color,llama-3.2-90b-vision-instruct,cot,2.5,0.8386242756211796
undirected,kamada,label,random_color,llama-3.2-90b-vision-instruct,zeroshot,4.5,0.7066133271490413
undirected,kamada,label,constant_color,claude-3.5-sonnet,cot,0.8,0.9510854577998542
undirected,kamada,label,constant_color,claude-3.5-sonnet,zeroshot,0.65,0.959756645573209
undirected,kamada,label,constant_color,qwen-2-vl-72b-instruct,cot,1.6,0.9024895041748755
undirected,kamada,label,constant_color,qwen-2-vl-72b-instruct,zeroshot,1.8,0.8985749669147503
undirected,kamada,label,constant_color,gemini-pro-1.5,cot,0.3,0.9812907079160951
undirected,kamada,label,constant_color,gemini-pro-1.5,zeroshot,0.25,0.9851368617622487
undirected,kamada,label,constant_color,gpt-4o-2024-08-06,cot,0.9,0.9496585973366158
undirected,kamada,label,constant_color,gpt-4o-2024-08-06,zeroshot,0.7,0.9602724900228772
undirected,kamada,label,constant_color,pixtral-12b,cot,0.8,0.9539510541058529
undirected,kamada,label,constant_color,pixtral-12b,zeroshot,0.4444444444444444,0.97209789240878
undirected,kamada,label,constant_color,llama-3.2-90b-vision-instruct,cot,3.4,0.791416945627472
undirected,kamada,label,constant_color,llama-3.2-90b-vision-instruct,zeroshot,3.0,0.8278005826303039
undirected,spring,unlabel,random_color,claude-3.5-sonnet,cot,1.8,0.8915834405799176
undirected,spring,unlabel,random_color,claude-3.5-sonnet,zeroshot,1.8,0.8895565785530556
undirected,spring,unlabel,random_color,qwen-2-vl-72b-instruct,cot,2.7,0.8405745666501512
undirected,spring,unlabel,random_color,qwen-2-vl-72b-instruct,zeroshot,1.95,0.8812245565544382
undirected,spring,unlabel,random_color,gemini-pro-1.5,cot,0.95,0.9470512957381751
undirected,spring,unlabel,random_color,gemini-pro-1.5,zeroshot,1.0,0.9454905564999512
undirected,spring,unlabel,random_color,gpt-4o-2024-08-06,cot,1.0,0.9454561313566332
undirected,spring,unlabel,random_color,gpt-4o-2024-08-06,zeroshot,0.85,0.9526068258752151
undirected,spring,unlabel,random_color,pixtral-12b,cot,3.05,0.819279165433217
undirected,spring,unlabel,random_color,pixtral-12b,zeroshot,1.6,0.8891297827707563
undirected,spring,unlabel,random_color,llama-3.2-90b-vision-instruct,cot,2.5,0.8220701073951847
undirected,spring,unlabel,random_color,llama-3.2-90b-vision-instruct,zeroshot,4.75,0.6992390600662992
undirected,spring,unlabel,constant_color,claude-3.5-sonnet,cot,1.85,0.8685362554112555
undirected,spring,unlabel,constant_color,claude-3.5-sonnet,zeroshot,1.7,0.8793695887445887
undirected,spring,unlabel,constant_color,qwen-2-vl-72b-instruct,cot,1.95,0.8564772727272727
undirected,spring,unlabel,constant_color,qwen-2-vl-72b-instruct,zeroshot,2.7,0.8107783189033189
undirected,spring,unlabel,constant_color,gemini-pro-1.5,cot,1.15,0.9282819264069264
undirected,spring,unlabel,constant_color,gemini-pro-1.5,zeroshot,1.15,0.9282819264069264
undirected,spring,unlabel,constant_color,gpt-4o-2024-08-06,cot,1.05,0.931504329004329
undirected,spring,unlabel,constant_color,gpt-4o-2024-08-06,zeroshot,1.05,0.9297997835497835
undirected,spring,unlabel,constant_color,pixtral-12b,cot,1.8,0.8782341269841272
undirected,spring,unlabel,constant_color,pixtral-12b,zeroshot,1.6666666666666667,0.8866732804232805
undirected,spring,unlabel,constant_color,llama-3.2-90b-vision-instruct,cot,3.5714285714285716,0.7596745516388373
undirected,spring,unlabel,constant_color,llama-3.2-90b-vision-instruct,zeroshot,2.25,0.8519675925925926
undirected,spring,label,random_color,claude-3.5-sonnet,cot,1.65,0.9025254241372664
undirected,spring,label,random_color,claude-3.5-sonnet,zeroshot,1.6,0.9059614902641219
undirected,spring,label,random_color,qwen-2-vl-72b-instruct,cot,1.5,0.9089265632028791
undirected,spring,label,random_color,qwen-2-vl-72b-instruct,zeroshot,0.95,0.946807354925776
undirected,spring,label,random_color,gemini-pro-1.5,cot,0.75,0.9507118276460382
undirected,spring,label,random_color,gemini-pro-1.5,zeroshot,0.6,0.9641958020050125
undirected,spring,label,random_color,gpt-4o-2024-08-06,cot,0.85,0.9549755639097744
undirected,spring,label,random_color,gpt-4o-2024-08-06,zeroshot,0.95,0.9495588972431077
undirected,spring,label,random_color,pixtral-12b,cot,1.55,0.8980780316175053
undirected,spring,label,random_color,pixtral-12b,zeroshot,1.25,0.9092710140736455
undirected,spring,label,random_color,llama-3.2-90b-vision-instruct,cot,2.5,0.8677678571428571
undirected,spring,label,random_color,llama-3.2-90b-vision-instruct,zeroshot,4.666666666666667,0.6838141025641026
undirected,spring,label,constant_color,claude-3.5-sonnet,cot,0.75,0.9492742061859708
undirected,spring,label,constant_color,claude-3.5-sonnet,zeroshot,0.75,0.9508784842608371
undirected,spring,label,constant_color,qwen-2-vl-72b-instruct,cot,0.95,0.9337893152599035
undirected,spring,label,constant_color,qwen-2-vl-72b-instruct,zeroshot,1.4,0.8973730517848164
undirected,spring,label,constant_color,gemini-pro-1.5,cot,0.45,0.9675411190117073
undirected,spring,label,constant_color,gemini-pro-1.5,zeroshot,0.5,0.9619855634561517
undirected,spring,label,constant_color,gpt-4o-2024-08-06,cot,0.75,0.9499690179101943
undirected,spring,label,constant_color,gpt-4o-2024-08-06,zeroshot,0.6,0.9568418183124067
undirected,spring,label,constant_color,pixtral-12b,cot,1.8,0.8867711536829184
undirected,spring,label,constant_color,pixtral-12b,zeroshot,0.7,0.9446376336082218
undirected,spring,label,constant_color,llama-3.2-90b-vision-instruct,cot,3.5,0.7663149350649351
undirected,spring,label,constant_color,llama-3.2-90b-vision-instruct,zeroshot,4.0,0.6806593406593408
undirected,shell,unlabel,random_color,claude-3.5-sonnet,cot,1.65,0.902941963017091
undirected,shell,unlabel,random_color,claude-3.5-sonnet,zeroshot,1.8,0.8949491028295377
undirected,shell,unlabel,random_color,qwen-2-vl-72b-instruct,cot,4.85,0.7152381967279666
undirected,shell,unlabel,random_color,qwen-2-vl-72b-instruct,zeroshot,5.45,0.6859845786140544
undirected,shell,unlabel,random_color,gemini-pro-1.5,cot,1.3,0.9114593736045142
undirected,shell,unlabel,random_color,gemini-pro-1.5,zeroshot,1.3,0.9149421000284171
undirected,shell,unlabel,random_color,gpt-4o-2024-08-06,cot,1.9,0.8861482056590753
undirected,shell,unlabel,random_color,gpt-4o-2024-08-06,zeroshot,2.25,0.863163261681484
undirected,shell,unlabel,random_color,pixtral-12b,cot,4.15,0.7620711038038404
undirected,shell,unlabel,random_color,pixtral-12b,zeroshot,5.35,0.6931828999715828
undirected,shell,unlabel,random_color,llama-3.2-90b-vision-instruct,cot,1.125,0.922342995169082
undirected,shell,unlabel,random_color,llama-3.2-90b-vision-instruct,zeroshot,0.5833333333333334,0.955324074074074
undirected,shell,unlabel,constant_color,claude-3.5-sonnet,cot,1.75,0.8979258976317801
undirected,shell,unlabel,constant_color,claude-3.5-sonnet,zeroshot,2.4,0.8520492742551566
undirected,shell,unlabel,constant_color,qwen-2-vl-72b-instruct,cot,4.0,0.7370499108734403
undirected,shell,unlabel,constant_color,qwen-2-vl-72b-instruct,zeroshot,4.0,0.7409511077158136
undirected,shell,unlabel,constant_color,gemini-pro-1.5,cot,1.05,0.9319174942704354
undirected,shell,unlabel,constant_color,gemini-pro-1.5,zeroshot,1.05,0.929150114591291
undirected,shell,unlabel,constant_color,gpt-4o-2024-08-06,cot,3.2,0.7958880825057296
undirected,shell,unlabel,constant_color,gpt-4o-2024-08-06,zeroshot,4.05,0.7401801629742806
undirected,shell,unlabel,constant_color,pixtral-12b,cot,2.25,0.8411834733893558
undirected,shell,unlabel,constant_color,pixtral-12b,zeroshot,3.45,0.7580061115355233
undirected,shell,unlabel,constant_color,llama-3.2-90b-vision-instruct,cot,4.9,0.6749554367201427
undirected,shell,unlabel,constant_color,llama-3.2-90b-vision-instruct,zeroshot,4.75,0.6854166666666667
undirected,shell,label,random_color,claude-3.5-sonnet,cot,3.2,0.8197959328365506
undirected,shell,label,random_color,claude-3.5-sonnet,zeroshot,2.1,0.8651703289718163
undirected,shell,label,random_color,qwen-2-vl-72b-instruct,cot,6.75,0.6293725185315575
undirected,shell,label,random_color,qwen-2-vl-72b-instruct,zeroshot,6.25,0.6328853854955113
undirected,shell,label,random_color,gemini-pro-1.5,cot,2.1,0.8683903459875999
undirected,shell,label,random_color,gemini-pro-1.5,zeroshot,2.2,0.8634890301981262
undirected,shell,label,random_color,gpt-4o-2024-08-06,cot,2.75,0.8452199094447378
undirected,shell,label,random_color,gpt-4o-2024-08-06,zeroshot,2.15,0.8627192371257018
undirected,shell,label,random_color,pixtral-12b,cot,4.3,0.7396181227874592
undirected,shell,label,random_color,pixtral-12b,zeroshot,4.25,0.7145723561970703
undirected,shell,label,random_color,llama-3.2-90b-vision-instruct,cot,2.0833333333333335,0.872480413105413
undirected,shell,label,random_color,llama-3.2-90b-vision-instruct,zeroshot,1.3333333333333333,0.9163064666497159
undirected,shell,label,constant_color,claude-3.5-sonnet,cot,2.1,0.8625942921028059
undirected,shell,label,constant_color,claude-3.5-sonnet,zeroshot,1.95,0.8655704825789965
undirected,shell,label,constant_color,qwen-2-vl-72b-instruct,cot,4.35,0.7416004471964225
undirected,shell,label,constant_color,qwen-2-vl-72b-instruct,zeroshot,2.45,0.8356021180401987
undirected,shell,label,constant_color,gemini-pro-1.5,cot,2.15,0.8595574413976117
undirected,shell,label,constant_color,gemini-pro-1.5,zeroshot,1.7777777777777777,0.8798410446049766
undirected,shell,label,constant_color,gpt-4o-2024-08-06,cot,2.65,0.833813363064524
undirected,shell,label,constant_color,gpt-4o-2024-08-06,zeroshot,2.0,0.8637915253820825
undirected,shell,label,constant_color,pixtral-12b,cot,5.35,0.6830857167428376
undirected,shell,label,constant_color,pixtral-12b,zeroshot,4.95,0.6926068848592069
undirected,shell,label,constant_color,llama-3.2-90b-vision-instruct,cot,0.7142857142857143,0.9459750566893425
undirected,shell,label,constant_color,llama-3.2-90b-vision-instruct,zeroshot,1.5833333333333333,0.8760270774976657
